"age1_orange"	"age1_green"	"age2_no_comorbid_orange"	"age2_no_comorbid_green"	"age2_comorbid_green"	"age3_no_comorbid_green"	"age3_comorbid_green"
"age1_orange"	11.31	0.00614285714285714	13.5471428571429	0.005	0.00892857142857143	0.00314285714285714	0.00535714285714286
"age1_green"	0.026	5.31357142857143	0.0311428571428571	4.325	7.72321428571429	2.71857142857143	4.63392857142857
"age2_no_comorbid_orange"	6.76	0.00614285714285714	8.09714285714286	0.005	0.00892857142857143	0.00314285714285714	0.00535714285714286
"age2_no_comorbid_green"	0.026	3.16357142857143	0.0311428571428571	2.575	4.59821428571429	1.61857142857143	2.75892857142857
"age2_comorbid_green"	0.026	3.16357142857143	0.0311428571428571	2.575	4.59821428571429	1.61857142857143	2.75892857142857
"age3_no_comorbid_green"	0.026	2.08857142857143	0.0311428571428571	1.7	3.03571428571429	1.06857142857143	1.82142857142857
"age3_comorbid_green"	0.026	2.08857142857143	0.0311428571428571	1.7	3.03571428571429	1.06857142857143	1.82142857142857
