"age1_orange"	"age1_green"	"age2_no_comorbid_orange"	"age2_no_comorbid_green"	"age2_comorbid_green"	"age3_no_comorbid_green"	"age3_comorbid_green"
"age1_orange"	10.725	0.307142857142857	12.8464285714286	0.25	0.446428571428571	0.157142857142857	0.267857142857143
"age1_green"	0.65	5.06785714285714	0.778571428571429	4.125	7.36607142857143	2.59285714285714	4.41964285714286
"age2_no_comorbid_orange"	6.175	0.307142857142857	7.39642857142857	0.25	0.446428571428571	0.157142857142857	0.267857142857143
"age2_no_comorbid_green"	0.65	2.91785714285714	0.778571428571429	2.375	4.24107142857143	1.49285714285714	2.54464285714286
"age2_comorbid_green"	0.65	2.91785714285714	0.778571428571429	2.375	4.24107142857143	1.49285714285714	2.54464285714286
"age3_no_comorbid_green"	0.65	1.84285714285714	0.778571428571428	1.5	2.67857142857143	0.942857142857143	1.60714285714286
"age3_comorbid_green"	0.65	1.84285714285714	0.778571428571428	1.5	2.67857142857143	0.942857142857143	1.60714285714286
