"age1_orange"	"age1_green"	"age2_no_comorbid_orange"	"age2_no_comorbid_green"	"age2_comorbid_green"	"age3_no_comorbid_green"	"age3_comorbid_green"
"age1_orange"	11.6938775510204	0.0127551020408163	12.7959183673469	0.0270918367346939	0.0319387755102041	0.0112244897959184	0.019030612244898
"age1_green"	0.136428571428571	2.94642857142857	0.149285714285714	6.25821428571429	7.37785714285714	2.59285714285714	4.39607142857143
"age2_no_comorbid_orange"	6.91887755102041	0.0127551020408163	7.57091836734694	0.0270918367346939	0.0319387755102041	0.0112244897959184	0.019030612244898
"age2_no_comorbid_green"	0.136428571428571	1.69642857142857	0.149285714285714	3.60321428571429	4.24785714285714	1.49285714285714	2.53107142857143
"age2_comorbid_green"	0.136428571428571	1.69642857142857	0.149285714285714	3.60321428571429	4.24785714285714	1.49285714285714	2.53107142857143
"age3_no_comorbid_green"	0.136428571428571	1.07142857142857	0.149285714285714	2.27571428571429	2.68285714285714	0.942857142857143	1.59857142857143
"age3_comorbid_green"	0.136428571428571	1.07142857142857	0.149285714285714	2.27571428571429	2.68285714285714	0.942857142857143	1.59857142857143
