"","contacts","FracFinalRecovered_median","FracFinalSusceptible_median","CFR_median","TimePeakSymptomatic_median","FracFinalDeaths_median","POutbreak_median","FracFinalRecovered_IQR","FracFinalSusceptible_IQR","CFR_IQR","TimePeakSymptomatic_IQR","FracFinalDeaths_IQR","POutbreak_IQR","FracFinalRecovered_q25","FracFinalSusceptible_q25","CFR_q25","TimePeakSymptomatic_q25","FracFinalDeaths_q25","POutbreak_q25","FracFinalRecovered_q75","FracFinalSusceptible_q75","CFR_q75","TimePeakSymptomatic_q75","FracFinalDeaths_q75","POutbreak_q75"
"1","shield_cont2_age3",0.8505,0.04,0.099945085118067,41.5924733885021,0.094,0.852,0.055943147990644,0.0596254518392515,0.0229249212638422,17.1947517971511,0.0205,0,0.820625,0.0298745481607485,0.0931372549019608,35.8303222472305,0.087,0.852,0.876568147990644,0.0895,0.116062176165803,53.0250740443816,0.1075,0.852
"2","shield_cont2_age3_age2",0.8535,0.037007972665148,0.105799412617505,48.4043466402976,0.0975,0.858,0.288201575861682,0.0786530490309567,0.248355978333807,26.1888664407397,0.185415810896598,0.2252,0.602459016393443,0.0279043280182233,0.0819192510239906,37.1244850420909,0.076879271070615,0.6328,0.890660592255125,0.10655737704918,0.330275229357798,63.3133514828306,0.262295081967213,0.858
"3","shield_cont2_age3_age2_20",0.853,0.037,0.111806102338138,51.858395038171,0.1065,0.868,0.181875,0.0412500000000001,0.150824684431978,24.2022999550866,0.131875,0.1048,0.7075,0.0287499999999999,0.0838709677419355,38.5727654037525,0.080625,0.7632,0.889375,0.07,0.234695652173913,62.775065358839,0.2125,0.868
"4","shield_cont2_age3_age2_25",0.853,0.0373333333333333,0.113079729025534,52.2967728156237,0.1085,0.8644,0.151333333333333,0.0293333333333335,0.119221915285451,22.8600328942729,0.106,0.0631999999999999,0.738,0.0286666666666666,0.0849447513812155,39.16825235988,0.082,0.8012,0.889333333333333,0.0580000000000001,0.204166666666667,62.0282852541529,0.188,0.8644
"5","shield_cont2_age3_age2_30",0.852,0.0375,0.114055614955935,51.671050357796,0.1095,0.874,0.123571428571429,0.0259999999999999,0.099123971399473,21.4492823122425,0.0895238095238099,0.042,0.765,0.029,0.085463842220599,39.4319671953132,0.0821428571428571,0.832,0.888571428571429,0.0549999999999999,0.184587813620072,60.8812495075557,0.171666666666667,0.874
