"","contacts","FracFinalRecovered_median","FracFinalSusceptible_median","CFR_median","TimePeakSymptomatic_median","FracFinalDeaths_median","POutbreak_median","FracFinalRecovered_IQR","FracFinalSusceptible_IQR","CFR_IQR","TimePeakSymptomatic_IQR","FracFinalDeaths_IQR","POutbreak_IQR","FracFinalRecovered_q25","FracFinalSusceptible_q25","CFR_q25","TimePeakSymptomatic_q25","FracFinalDeaths_q25","POutbreak_q25","FracFinalRecovered_q75","FracFinalSusceptible_q75","CFR_q75","TimePeakSymptomatic_q75","FracFinalDeaths_q75","POutbreak_q75"
"1","shield_cont2_age3",0.85,0.0395,0.1001100110011,41.2728046782392,0.0940888794386562,0.8456,0.056099723580693,0.0601886030193493,0.0256904682042182,17.1814596697148,0.0218531788220285,0,0.821,0.0288113969806507,0.0927441352973268,35.4043542011054,0.0866468211779715,0.8456,0.877099723580693,0.089,0.118434603501545,52.5858138708202,0.1085,0.8456
"2","shield_cont2_age3_age2",0.854,0.0368852459016393,0.105057385776874,47.986571682705,0.0962414578587699,0.8616,0.28467269128795,0.074959016393443,0.243197326430732,25.6405125032217,0.173120728929385,0.2312,0.60655737704918,0.0275,0.0815344058124977,36.7703361176536,0.076879271070615,0.6304,0.89123006833713,0.102459016393443,0.324731732243229,62.4108486208754,0.25,0.8616
"3","shield_cont2_age3_age2_20",0.8535,0.0365,0.112654320987654,51.2916389092078,0.1075,0.8704,0.184375,0.039375,0.153362316474126,23.4528656832657,0.134375,0.0908,0.705,0.028125,0.0846055979643766,38.2948749962814,0.080625,0.7796,0.889375,0.0675,0.237967914438503,61.7477406795471,0.215,0.8704
"4","shield_cont2_age3_age2_25",0.853,0.0365,0.113897596656217,51.266010770181,0.109,0.862,0.148666666666667,0.0293333333333335,0.120552962182677,21.9497092556031,0.108,0.0576000000000001,0.74,0.0286666666666666,0.0854237288135593,38.790313074873,0.082,0.8048,0.888666666666667,0.0580000000000001,0.205976690996237,60.7400223304761,0.19,0.8624
"5","shield_cont2_age3_age2_30",0.8525,0.0371428571428571,0.114035087719298,50.4346813059526,0.1095,0.8616,0.122857142857143,0.0247619047619047,0.0974014949951619,21.0729407154619,0.0871428571428571,0.0368000000000001,0.765,0.0285714285714286,0.0860685630926331,38.5250567906985,0.0828571428571429,0.8248,0.887857142857143,0.0533333333333333,0.183470058087795,59.5979975061604,0.17,0.8616
