"","contacts","FracFinalRecovered_median","FracFinalSusceptible_median","CFR_median","TimePeakSymptomatic_median","FracFinalDeaths_median","POutbreak_median","FracFinalRecovered_IQR","FracFinalSusceptible_IQR","CFR_IQR","TimePeakSymptomatic_IQR","FracFinalDeaths_IQR","POutbreak_IQR"
"1","null_model_mixed",0.855,0.0335,0.115025906735751,38.7316744369319,0.111,0.8628,0.011,0.0075,0.010067863787372,8.5315779798699,0.00950000000000001,0
"2","shield_cont10_age3_age2_20",0.8495,0.042,0.113493723849372,47.5908195937823,0.1085,0.8516,0.19125,0.048125,0.150980099133512,14.6351807462736,0.129375,0.0112
"3","shield_cont2_age3_age2_20",0.8535,0.0365,0.112654320987654,51.2916389092078,0.1075,0.8704,0.184375,0.039375,0.153362316474126,23.4528656832657,0.134375,0.0908
