"","contacts","FracFinalRecovered_median","FracFinalSusceptible_median","CFR_median","TimePeakSymptomatic_median","FracFinalDeaths_median","POutbreak_median","FracFinalRecovered_IQR","FracFinalSusceptible_IQR","CFR_IQR","TimePeakSymptomatic_IQR","FracFinalDeaths_IQR","POutbreak_IQR"
"1","null_model_mixed",0.8545,0.0347499999999999,0.114715748801642,38.0846168495477,0.1105,0.828,0.0115,0.0079999999999999,0.0100582481915828,7.98474353079988,0.00987500000000001,0
"2","shield_cont10_age3_age2_20",0.847,0.0435,0.11326691137913,47.4664225445244,0.108,0.856,0.196875,0.0485000000000001,0.151708718672267,14.346396759608,0.126875,0.01
"3","shield_cont2_age3_age2_20",0.853,0.038125,0.110650425066144,50.9921073245925,0.106,0.806,0.18125,0.0381250000000001,0.147780256701768,23.8881068167482,0.1275,0.104
