"","contacts","FracFinalRecovered_median","FracFinalSusceptible_median","CFR_median","TimePeakSymptomatic_median","FracFinalDeaths_median","POutbreak_median","FracFinalRecovered_IQR","FracFinalSusceptible_IQR","CFR_IQR","TimePeakSymptomatic_IQR","FracFinalDeaths_IQR","POutbreak_IQR","FracFinalRecovered_q25","FracFinalSusceptible_q25","CFR_q25","TimePeakSymptomatic_q25","FracFinalDeaths_q25","POutbreak_q25","FracFinalRecovered_q75","FracFinalSusceptible_q75","CFR_q75","TimePeakSymptomatic_q75","FracFinalDeaths_q75","POutbreak_q75"
"1","null_model_mixed",0.855,0.0335,0.115025906735751,38.7316744369319,0.111,0.8628,0.011,0.0075,0.010067863787372,8.5315779798699,0.00950000000000001,0,0.8495,0.03,0.109953100573215,35.1104519838974,0.106,0.8628,0.8605,0.0375,0.120020964360587,43.6420299637673,0.1155,0.8628
"2","shield_cont10_age3_age2_20",0.8495,0.042,0.113493723849372,47.5908195937823,0.1085,0.8516,0.19125,0.048125,0.150980099133512,14.6351807462736,0.129375,0.0112,0.695,0.031875,0.0861627580093447,39.8787241831504,0.083125,0.8404,0.88625,0.08,0.237142857142857,54.513904929424,0.2125,0.8516
"3","shield_cont2_age3_age2_20",0.8535,0.0365,0.112654320987654,51.2916389092078,0.1075,0.8704,0.184375,0.039375,0.153362316474126,23.4528656832657,0.134375,0.0908,0.705,0.028125,0.0846055979643766,38.2948749962814,0.080625,0.7796,0.889375,0.0675,0.237967914438503,61.7477406795471,0.215,0.8704
