"","contacts","FracFinalRecovered_median","FracFinalSusceptible_median","CFR_median","TimePeakSymptomatic_median","FracFinalDeaths_median","POutbreak_median","FracFinalRecovered_IQR","FracFinalSusceptible_IQR","CFR_IQR","TimePeakSymptomatic_IQR","FracFinalDeaths_IQR","POutbreak_IQR","FracFinalRecovered_q25","FracFinalSusceptible_q25","CFR_q25","TimePeakSymptomatic_q25","FracFinalDeaths_q25","POutbreak_q25","FracFinalRecovered_q75","FracFinalSusceptible_q75","CFR_q75","TimePeakSymptomatic_q75","FracFinalDeaths_q75","POutbreak_q75"
"1","null_model_mixed",0.4935,0.447,0.109083339641208,90.6792443792495,0.058,0.5856,0.072125,0.079,0.0161146646702457,40.9005340951906,0.013125,0,0.447875,0.418,0.101927619132907,68.0790999311846,0.049875,0.5856,0.52,0.497,0.118042283803153,108.979634026375,0.063,0.5856
"2","shield_cont10_age3_age2_20",0.4335,0.528,0.0859774820880246,90.0435521910323,0.0375,0.5364,0.506875,0.548125,0.12257360959651,38.2267490489909,0.0395,0.000400000000000067,0.00875,0.439375,0.0774263904034896,72.3747782697801,0.005,0.5364,0.515625,0.9875,0.2,110.601527318771,0.0445,0.5368
"3","shield_cont2_age3_age2_20",0.466,0.493,0.0833333333333333,87.7762916436326,0.04125,0.5728,0.137,0.148625,0.0179063676387024,36.0504777752316,0.0145,0.000800000000000023,0.413625,0.40125,0.0761739706276824,71.1830793447934,0.0335,0.5728,0.550625,0.549875,0.0940803382663848,107.233557120025,0.048,0.5736
