"","contacts","FracFinalRecovered_median","FracFinalSusceptible_median","CFR_median","TimePeakSymptomatic_median","FracFinalDeaths_median","POutbreak_median","FracFinalRecovered_IQR","FracFinalSusceptible_IQR","CFR_IQR","TimePeakSymptomatic_IQR","FracFinalDeaths_IQR","POutbreak_IQR"
"1","shield_cont2_age3",0.848,0.0421007867318733,0.100652883569097,40.0302671785811,0.0940888794386562,0.818,0.0562392090155216,0.0605029671582935,0.0240754863412273,15.9595846935025,0.0196682968318094,0
"2","shield_cont2_age3_age2",0.8525,0.0385,0.106975580833208,48.80919193518,0.09825,0.84,0.291160984353411,0.0775140968669477,0.248403348073109,26.3510509626397,0.187464991224467,0.216
"3","shield_cont2_age3_age2_20",0.853,0.038125,0.110650425066144,50.9921073245925,0.106,0.806,0.18125,0.0381250000000001,0.147780256701768,23.8881068167482,0.1275,0.104
"4","shield_cont2_age3_age2_25",0.85225,0.0385,0.11292829684105,50.4200517250909,0.1085,0.856,0.151333333333333,0.0320000000000002,0.119584543622829,22.016174510651,0.106666666666667,0.078
"5","shield_cont2_age3_age2_30",0.8515,0.0389999999999999,0.112778065183652,49.6613511549823,0.1075,0.87,0.12547619047619,0.025952380952381,0.0985725418090147,20.9627350055205,0.0869047619047616,0.0639999999999999
