"","contacts","FracFinalRecovered_median","FracFinalSusceptible_median","CFR_median","TimePeakSymptomatic_median","FracFinalDeaths_median","POutbreak_median","FracFinalRecovered_IQR","FracFinalSusceptible_IQR","CFR_IQR","TimePeakSymptomatic_IQR","FracFinalDeaths_IQR","POutbreak_IQR","FracFinalRecovered_q25","FracFinalSusceptible_q25","CFR_q25","TimePeakSymptomatic_q25","FracFinalDeaths_q25","POutbreak_q25","FracFinalRecovered_q75","FracFinalSusceptible_q75","CFR_q75","TimePeakSymptomatic_q75","FracFinalDeaths_q75","POutbreak_q75"
"1","null_model_mixed",0.8545,0.0345,0.115126484254001,39.3298577771534,0.111,0.8412,0.011,0.0075,0.00971170192130751,9.03547775146275,0.00950000000000001,0,0.849,0.0305,0.110184938905565,35.6246128804604,0.106,0.8412,0.86,0.038,0.119896640826873,44.6600906319232,0.1155,0.8412
"2","shield_cont10_age3_age2_20",0.849,0.0425,0.113748976901248,48.7879268021115,0.1085,0.8576,0.193125,0.0475000000000001,0.151786706502828,15.3723307395356,0.129375,0.0144000000000001,0.6925,0.0325,0.0861736334405145,40.6434047476919,0.083125,0.8432,0.885625,0.0800000000000001,0.237960339943343,56.0157354872275,0.2125,0.8576
"3","shield_cont2_age3_age2_20",0.853,0.037,0.111806102338138,51.858395038171,0.1065,0.868,0.181875,0.0412500000000001,0.150824684431978,24.2022999550866,0.131875,0.1048,0.7075,0.0287499999999999,0.0838709677419355,38.5727654037525,0.080625,0.7632,0.889375,0.07,0.234695652173913,62.775065358839,0.2125,0.868
