"","contacts","FracFinalRecovered_median","FracFinalSusceptible_median","CFR_median","TimePeakSymptomatic_median","FracFinalDeaths_median","POutbreak_median","FracFinalRecovered_IQR","FracFinalSusceptible_IQR","CFR_IQR","TimePeakSymptomatic_IQR","FracFinalDeaths_IQR","POutbreak_IQR"
"1","shield_cont2_age3",0.85,0.0395,0.1001100110011,41.2728046782392,0.0940888794386562,0.8456,0.056099723580693,0.0601886030193493,0.0256904682042182,17.1814596697148,0.0218531788220285,0
"2","shield_cont2_age3_age2",0.854,0.0368852459016393,0.105057385776874,47.986571682705,0.0962414578587699,0.8616,0.28467269128795,0.074959016393443,0.243197326430732,25.6405125032217,0.173120728929385,0.2312
"3","shield_cont2_age3_age2_20",0.8535,0.0365,0.112654320987654,51.2916389092078,0.1075,0.8704,0.184375,0.039375,0.153362316474126,23.4528656832657,0.134375,0.0908
"4","shield_cont2_age3_age2_25",0.853,0.0365,0.113897596656217,51.266010770181,0.109,0.862,0.148666666666667,0.0293333333333335,0.120552962182677,21.9497092556031,0.108,0.0576000000000001
"5","shield_cont2_age3_age2_30",0.8525,0.0371428571428571,0.114035087719298,50.4346813059526,0.1095,0.8616,0.122857142857143,0.0247619047619047,0.0974014949951619,21.0729407154619,0.0871428571428571,0.0368000000000001
