"","contacts","FracFinalRecovered_median","FracFinalSusceptible_median","CFR_median","TimePeakSymptomatic_median","FracFinalDeaths_median","POutbreak_median","FracFinalRecovered_IQR","FracFinalSusceptible_IQR","CFR_IQR","TimePeakSymptomatic_IQR","FracFinalDeaths_IQR","POutbreak_IQR","FracFinalRecovered_q25","FracFinalSusceptible_q25","CFR_q25","TimePeakSymptomatic_q25","FracFinalDeaths_q25","POutbreak_q25","FracFinalRecovered_q75","FracFinalSusceptible_q75","CFR_q75","TimePeakSymptomatic_q75","FracFinalDeaths_q75","POutbreak_q75"
"1","shield_cont2_age3",0.54380182862003,0.4005,0.0944656488549618,87.0648544960285,0.055,0.5952,0.063706091856262,0.069353923027855,0.0143941692493675,30.579189434813,0.0116266213055496,0,0.507,0.371146076972145,0.088339222614841,72.450169875907,0.0483733786944504,0.5952,0.570706091856262,0.4405,0.102733391864208,103.02935931072,0.06,0.5952
"2","shield_cont2_age3_age2",0.5675,0.382118451025057,0.0824659727782226,81.6651397038645,0.0495444191343964,0.604,0.0893052391799545,0.097259681093394,0.0153781135242209,27.0112920293173,0.0116697038724374,0.000400000000000067,0.53,0.325740318906606,0.0762639245929734,68.1492053199158,0.043,0.604,0.619305239179955,0.423,0.0916420381171943,95.1604973492331,0.0546697038724374,0.6044
"3","shield_cont2_age3_age2_20",0.466,0.493,0.0833333333333333,87.7762916436326,0.04125,0.5728,0.137,0.148625,0.0179063676387024,36.0504777752316,0.0145,0.000800000000000023,0.413625,0.40125,0.0761739706276824,71.1830793447934,0.0335,0.5728,0.550625,0.549875,0.0940803382663848,107.233557120025,0.048,0.5736
"4","shield_cont2_age3_age2_25",0.397,0.568,0.0831202046035806,93.8307724768326,0.035,0.5048,0.158666666666667,0.171666666666667,0.019678804968088,44.1836555339316,0.0165,0.000399999999999956,0.3335,0.465333333333333,0.0755729581941229,72.0789742500353,0.026,0.5048,0.492166666666667,0.637,0.0952517631622109,116.262629783967,0.0425,0.5052
"5","shield_cont2_age3_age2_30",0.319,0.6535,0.084472049689441,97.6482385388122,0.0275,0.4896,0.407857142857143,0.445142857142857,0.0293262447283694,65.164911974222,0.0343333333333333,0,0.0107142857142857,0.542857142857143,0.0749682337992376,60.150489949402,0.00166666666666667,0.4896,0.418571428571429,0.988,0.104294478527607,125.315401923624,0.036,0.4896
