"","Fate","FracFinalRecovered_median","FracFinalSusceptible_median","CFR_median","TimePeakSymptomatic_median","FracFinalDeaths_median","POutbreak_median","FracFinalRecovered_IQR","FracFinalSusceptible_IQR","CFR_IQR","TimePeakSymptomatic_IQR","FracFinalDeaths_IQR","POutbreak_IQR","FracFinalRecovered_q25","FracFinalSusceptible_q25","CFR_q25","TimePeakSymptomatic_q25","FracFinalDeaths_q25","POutbreak_q25","FracFinalRecovered_q75","FracFinalSusceptible_q75","CFR_q75","TimePeakSymptomatic_q75","FracFinalDeaths_q75","POutbreak_q75"
"1","FateR",0.549,0.438,0.023063490519584,95.5753878467659,0.0125,0.4992,0.055,0.056,0.00648462251388958,32.6356047523774,0.004,0,0.5185,0.413,0.0199320501709278,80.4060372141408,0.0105,0.4992,0.5735,0.469,0.0264166726848174,113.041641966518,0.0145,0.4992
"2","FateD",0.4935,0.447,0.109083339641208,90.6792443792495,0.058,0.5856,0.072125,0.079,0.0161146646702457,40.9005340951906,0.013125,0,0.447875,0.418,0.101927619132907,68.0790999311846,0.049875,0.5856,0.52,0.497,0.118042283803153,108.979634026375,0.063,0.5856
