"","Fate","FracFinalRecovered_median","FracFinalSusceptible_median","CFR_median","TimePeakSymptomatic_median","FracFinalDeaths_median","POutbreak_median","FracFinalRecovered_IQR","FracFinalSusceptible_IQR","CFR_IQR","TimePeakSymptomatic_IQR","FracFinalDeaths_IQR","POutbreak_IQR","FracFinalRecovered_q25","FracFinalSusceptible_q25","CFR_q25","TimePeakSymptomatic_q25","FracFinalDeaths_q25","POutbreak_q25","FracFinalRecovered_q75","FracFinalSusceptible_q75","CFR_q75","TimePeakSymptomatic_q75","FracFinalDeaths_q75","POutbreak_q75"
"1","FateR",0.941,0.0335,0.025974025974026,38.7775353802127,0.025,0.8408,0.00900000000000001,0.0075000000000001,0.0047075783241791,8.86458592197503,0.0045,0,0.9365,0.03,0.0237603305785124,35.130948515766,0.023,0.8408,0.9455,0.0375000000000001,0.0284679089026915,43.995534437741,0.0275,0.8408
"2","FateD",0.855,0.0335,0.115025906735751,38.7316744369319,0.111,0.8628,0.011,0.0075,0.010067863787372,8.5315779798699,0.00950000000000001,0,0.8495,0.03,0.109953100573215,35.1104519838974,0.106,0.8628,0.8605,0.0375,0.120020964360587,43.6420299637673,0.1155,0.8628
