"","Fate","FracFinalRecovered_median","FracFinalSusceptible_median","CFR_median","TimePeakSymptomatic_median","FracFinalDeaths_median","POutbreak_median","FracFinalRecovered_IQR","FracFinalSusceptible_IQR","CFR_IQR","TimePeakSymptomatic_IQR","FracFinalDeaths_IQR","POutbreak_IQR","FracFinalRecovered_q25","FracFinalSusceptible_q25","CFR_q25","TimePeakSymptomatic_q25","FracFinalDeaths_q25","POutbreak_q25","FracFinalRecovered_q75","FracFinalSusceptible_q75","CFR_q75","TimePeakSymptomatic_q75","FracFinalDeaths_q75","POutbreak_q75"
"1","FateR",0.9405,0.034,0.0262480699948533,39.5528007047016,0.025,0.8424,0.0089999999999999,0.0074999999999998,0.0047962633986423,8.45387391954413,0.0045,0,0.936,0.0305000000000001,0.0237603305785124,35.654899080354,0.023,0.8424,0.945,0.0379999999999999,0.0285565939771547,44.1087729998981,0.0275,0.8424
"2","FateD",0.8545,0.0345,0.115126484254001,39.3298577771534,0.111,0.8412,0.011,0.0075,0.00971170192130751,9.03547775146275,0.00950000000000001,0,0.849,0.0305,0.110184938905565,35.6246128804604,0.106,0.8412,0.86,0.038,0.119896640826873,44.6600906319232,0.1155,0.8412
