"","Fate","FracFinalRecovered_median","FracFinalSusceptible_median","CFR_median","TimePeakSymptomatic_median","FracFinalDeaths_median","POutbreak_median","FracFinalRecovered_IQR","FracFinalSusceptible_IQR","CFR_IQR","TimePeakSymptomatic_IQR","FracFinalDeaths_IQR","POutbreak_IQR"
"1","FateR",0.9395,0.035,0.0267077555213148,39.3224786325948,0.0255,0.834,0.00849999999999995,0.0074999999999999,0.0048162422877473,8.49635069388682,0.0045,0
"2","FateD",0.8545,0.0347499999999999,0.114715748801642,38.0846168495477,0.1105,0.828,0.0115,0.0079999999999999,0.0100582481915828,7.98474353079988,0.00987500000000001,0
