"","intervention","FracFinalRecovered_median","FracFinalSusceptible_median","CFR_median","TimePeakSymptomatic_median","FracFinalDeaths_median","POutbreak_median","FracFinalRecovered_IQR","FracFinalSusceptible_IQR","CFR_IQR","TimePeakSymptomatic_IQR","FracFinalDeaths_IQR","POutbreak_IQR"
"1","shield_cont10_age3_age2_20/TcheckNO",0.8485,0.042,0.114195914091147,46.0931892329245,0.109,0.828,0.190625,0.0475,0.152381294340792,13.3893549210648,0.131875,0.00800000000000001
"2","shield_cont10_age3_age2_20/TcheckYES",0.847,0.0435,0.11326691137913,47.4664225445244,0.108,0.856,0.196875,0.0485000000000001,0.151708718672267,14.346396759608,0.126875,0.01
"3","shield_cont2_age3_age2_20/TcheckNO",0.8525,0.038,0.114374773635189,52.0293380275835,0.1095,0.856,0.184375,0.038125,0.151846663638762,21.2500997853905,0.13375,0.016
"4","shield_cont2_age3_age2_20/TcheckYES",0.853,0.038125,0.110650425066144,50.9921073245925,0.106,0.806,0.18125,0.0381250000000001,0.147780256701768,23.8881068167482,0.1275,0.104
