"","intervention","FracFinalRecovered_median","FracFinalSusceptible_median","CFR_median","TimePeakSymptomatic_median","FracFinalDeaths_median","POutbreak_median","FracFinalRecovered_IQR","FracFinalSusceptible_IQR","CFR_IQR","TimePeakSymptomatic_IQR","FracFinalDeaths_IQR","POutbreak_IQR","FracFinalRecovered_q25","FracFinalSusceptible_q25","CFR_q25","TimePeakSymptomatic_q25","FracFinalDeaths_q25","POutbreak_q25","FracFinalRecovered_q75","FracFinalSusceptible_q75","CFR_q75","TimePeakSymptomatic_q75","FracFinalDeaths_q75","POutbreak_q75"
"1","null_model_mixed/PopSize500",0.85,0.038,0.115062761506276,33.1612765324151,0.11,0.8376,0.022,0.014,0.019409937888199,8.33355973241538,0.018,0,0.84,0.03,0.105590062111801,29.6734343232465,0.102,0.8376,0.862,0.044,0.125,38.0069940556618,0.12,0.8376
"2","null_model_mixed/PopSize1000",0.853,0.036,0.114080164439877,36.5292434981297,0.11,0.842,0.015,0.01,0.013312170564034,8.4763367772571,0.013,0,0.846,0.031,0.107995846313603,32.8074469543885,0.104,0.842,0.861,0.041,0.121308016877637,41.2837837316456,0.117,0.842
"3","null_model_mixed/PopSize2000",0.8545,0.0345,0.115126484254001,39.3298577771534,0.111,0.8412,0.011,0.0075,0.00971170192130751,9.03547775146275,0.00950000000000001,0,0.849,0.0305,0.110184938905565,35.6246128804604,0.106,0.8412,0.86,0.038,0.119896640826873,44.6600906319232,0.1155,0.8412
"4","shield_cont2_age3_age2_20/PopSize500",0.84775,0.0425000000000001,0.0906735751295337,35.4044369273383,0.0825,0.8568,0.173,0.182,0.0396354318705198,18.0186891886197,0.0425,0,0.712,0.03,0.0775193798449612,29.2650156384961,0.0675,0.8568,0.885,0.212,0.117154811715481,47.2837048271158,0.11,0.8568
"5","shield_cont2_age3_age2_20/PopSize1000",0.851,0.04,0.0981912144702842,43.2048375451063,0.092,0.8676,0.1745,0.0500000000000001,0.101328023455039,22.6475458578543,0.05025,0,0.713,0.03,0.0807291666666667,33.6437951605511,0.07375,0.8676,0.8875,0.0800000000000001,0.182057190121706,56.2913410184054,0.124,0.8676
"6","shield_cont2_age3_age2_20/PopSize2000",0.853,0.037,0.111806102338138,51.858395038171,0.1065,0.868,0.181875,0.0412500000000001,0.150824684431978,24.2022999550866,0.131875,0.1048,0.7075,0.0287499999999999,0.0838709677419355,38.5727654037525,0.080625,0.7632,0.889375,0.07,0.234695652173913,62.775065358839,0.2125,0.868
