"","intervention","FracFinalRecovered_median","FracFinalSusceptible_median","CFR_median","TimePeakSymptomatic_median","FracFinalDeaths_median","POutbreak_median","FracFinalRecovered_IQR","FracFinalSusceptible_IQR","CFR_IQR","TimePeakSymptomatic_IQR","FracFinalDeaths_IQR","POutbreak_IQR"
"1","null_model_mixed/PopSize500",0.85,0.038,0.115144549477418,32.6026842699939,0.11,0.824,0.0225,0.014,0.0180453328692843,9.25979558133698,0.0165,0
"2","null_model_mixed/PopSize1000",0.852,0.037,0.114788004136505,36.2268366854945,0.11,0.844,0.015,0.0115,0.0141127481469065,7.78405189734385,0.0135,0
"3","null_model_mixed/PopSize2000",0.8545,0.0347499999999999,0.114715748801642,38.0846168495477,0.1105,0.828,0.0115,0.0079999999999999,0.0100582481915828,7.98474353079988,0.00987500000000001,0
"4","shield_cont2_age3_age2_20/PopSize500",0.848,0.0475,0.0920716112531969,35.238540755099,0.0825,0.846,0.1725,0.18,0.0407378815658268,17.3835941100557,0.0405,0
"5","shield_cont2_age3_age2_20/PopSize1000",0.851,0.041,0.0989717223650386,43.4932506757527,0.093,0.852,0.17725,0.054,0.112934975760169,21.6847043900874,0.05325,0.284
"6","shield_cont2_age3_age2_20/PopSize2000",0.853,0.038125,0.110650425066144,50.9921073245925,0.106,0.806,0.18125,0.0381250000000001,0.147780256701768,23.8881068167482,0.1275,0.104
