"","intervention","FracFinalRecovered_median","FracFinalSusceptible_median","CFR_median","TimePeakSymptomatic_median","FracFinalDeaths_median","POutbreak_median","FracFinalRecovered_IQR","FracFinalSusceptible_IQR","CFR_IQR","TimePeakSymptomatic_IQR","FracFinalDeaths_IQR","POutbreak_IQR","FracFinalRecovered_q25","FracFinalSusceptible_q25","CFR_q25","TimePeakSymptomatic_q25","FracFinalDeaths_q25","POutbreak_q25","FracFinalRecovered_q75","FracFinalSusceptible_q75","CFR_q75","TimePeakSymptomatic_q75","FracFinalDeaths_q75","POutbreak_q75"
"1","shield_cont10_age3_age2_20/TcheckNO",0.8495,0.0415,0.113778705636743,46.7659356456376,0.1085,0.8528,0.19125,0.045625,0.152062328532604,13.369018268843,0.131875,0.0104,0.695,0.031875,0.0861648182817997,39.7723817346809,0.083125,0.8424,0.88625,0.0775,0.238227146814404,53.1414000035239,0.215,0.8528
"2","shield_cont10_age3_age2_20/TcheckYES",0.849,0.0425,0.113748976901248,48.7879268021115,0.1085,0.8576,0.193125,0.0475000000000001,0.151786706502828,15.3723307395356,0.129375,0.0144000000000001,0.6925,0.0325,0.0861736334405145,40.6434047476919,0.083125,0.8432,0.885625,0.0800000000000001,0.237960339943343,56.0157354872275,0.2125,0.8576
"3","shield_cont2_age3_age2_20/TcheckNO",0.8535,0.036875,0.113950471961109,52.5744785776714,0.1095,0.8468,0.18375,0.0364999999999999,0.153379306478289,21.7065114342411,0.134375,0.022,0.705,0.0285,0.0857511283043198,40.3685420709778,0.083125,0.8248,0.88875,0.0649999999999999,0.239130434782609,62.0750535052189,0.2175,0.8468
"4","shield_cont2_age3_age2_20/TcheckYES",0.853,0.037,0.111806102338138,51.858395038171,0.1065,0.868,0.181875,0.0412500000000001,0.150824684431978,24.2022999550866,0.131875,0.1048,0.7075,0.0287499999999999,0.0838709677419355,38.5727654037525,0.080625,0.7632,0.889375,0.07,0.234695652173913,62.775065358839,0.2125,0.868
