"","intervention","FracFinalRecovered_median","FracFinalSusceptible_median","CFR_median","TimePeakSymptomatic_median","FracFinalDeaths_median","POutbreak_median","FracFinalRecovered_IQR","FracFinalSusceptible_IQR","CFR_IQR","TimePeakSymptomatic_IQR","FracFinalDeaths_IQR","POutbreak_IQR"
"1","shield_cont10_age3_age2_20/TcheckNO",0.85,0.0409999999999999,0.113482561166059,46.0488995545647,0.1085,0.8532,0.18875,0.0437500000000001,0.151842088015322,13.2969576155868,0.131875,0.00959999999999994
"2","shield_cont10_age3_age2_20/TcheckYES",0.8495,0.042,0.113493723849372,47.5908195937823,0.1085,0.8516,0.19125,0.048125,0.150980099133512,14.6351807462736,0.129375,0.0112
"3","shield_cont2_age3_age2_20/TcheckNO",0.854,0.036,0.114476386036961,51.3011118165564,0.11,0.8612,0.184375,0.034375,0.153919332609677,21.3630643196781,0.136875,0.0204
"4","shield_cont2_age3_age2_20/TcheckYES",0.8535,0.0365,0.112654320987654,51.2916389092078,0.1075,0.8684,0.184375,0.039375,0.153362316474126,23.4528656832657,0.134375,0.0963999999999999
