"","intervention","FracFinalRecovered_median","FracFinalSusceptible_median","CFR_median","TimePeakSymptomatic_median","FracFinalDeaths_median","POutbreak_median","FracFinalRecovered_IQR","FracFinalSusceptible_IQR","CFR_IQR","TimePeakSymptomatic_IQR","FracFinalDeaths_IQR","POutbreak_IQR"
"1","null_model_mixed/PopSize500",0.852,0.038,0.114406779661017,32.6145148125689,0.11,0.8564,0.02,0.014,0.018490268720768,9.0110091686217,0.018,0
"2","null_model_mixed/PopSize1000",0.854,0.035,0.114788004136505,35.7459261001003,0.11,0.8548,0.016,0.01,0.013247677002459,8.6179775973217,0.013,0
"3","null_model_mixed/PopSize2000",0.855,0.0335,0.115025906735751,38.7316744369319,0.111,0.8628,0.011,0.0075,0.010067863787372,8.5315779798699,0.00950000000000001,0
"4","shield_cont2_age3_age2_20/PopSize500",0.848,0.0425000000000001,0.0903941762305737,34.8155383549663,0.0825,0.8572,0.1755,0.182,0.0396133828343933,17.4606934518149,0.0405,0
"5","shield_cont2_age3_age2_20/PopSize1000",0.852,0.039,0.0996168582375479,43.2311122657539,0.09375,0.8704,0.1765,0.051,0.111549165120594,23.0149235947052,0.052,0
"6","shield_cont2_age3_age2_20/PopSize2000",0.8535,0.0365,0.112654320987654,51.2916389092078,0.1075,0.8704,0.184375,0.039375,0.153362316474126,23.4528656832657,0.134375,0.0908
