"","intervention","FracFinalRecovered_median","FracFinalSusceptible_median","CFR_median","TimePeakSymptomatic_median","FracFinalDeaths_median","POutbreak_median","FracFinalRecovered_IQR","FracFinalSusceptible_IQR","CFR_IQR","TimePeakSymptomatic_IQR","FracFinalDeaths_IQR","POutbreak_IQR","FracFinalRecovered_q25","FracFinalSusceptible_q25","CFR_q25","TimePeakSymptomatic_q25","FracFinalDeaths_q25","POutbreak_q25","FracFinalRecovered_q75","FracFinalSusceptible_q75","CFR_q75","TimePeakSymptomatic_q75","FracFinalDeaths_q75","POutbreak_q75"
"1","null_model_mixed/PopSize500",0.852,0.038,0.114406779661017,32.6145148125689,0.11,0.8564,0.02,0.014,0.018490268720768,9.0110091686217,0.018,0,0.842,0.03,0.105476673427992,28.6509518012598,0.1,0.8564,0.862,0.044,0.12396694214876,37.6619609698815,0.118,0.8564
"2","null_model_mixed/PopSize1000",0.854,0.035,0.114788004136505,35.7459261001003,0.11,0.8548,0.016,0.01,0.013247677002459,8.6179775973217,0.013,0,0.846,0.03,0.107995846313603,32.2459149515986,0.104,0.8548,0.862,0.04,0.121243523316062,40.8638925489203,0.117,0.8548
"3","null_model_mixed/PopSize2000",0.855,0.0335,0.115025906735751,38.7316744369319,0.111,0.8628,0.011,0.0075,0.010067863787372,8.5315779798699,0.00950000000000001,0,0.8495,0.03,0.109953100573215,35.1104519838974,0.106,0.8628,0.8605,0.0375,0.120020964360587,43.6420299637673,0.1155,0.8628
"4","shield_cont2_age3_age2_20/PopSize500",0.848,0.0425000000000001,0.0903941762305737,34.8155383549663,0.0825,0.8572,0.1755,0.182,0.0396133828343933,17.4606934518149,0.0405,0,0.712,0.03,0.0767263427109974,28.5574986085049,0.0675,0.8572,0.8875,0.212,0.116339725545391,46.0181920603198,0.108,0.8572
"5","shield_cont2_age3_age2_20/PopSize1000",0.852,0.039,0.0996168582375479,43.2311122657539,0.09375,0.8704,0.1765,0.051,0.111549165120594,23.0149235947052,0.052,0,0.711,0.029,0.0816326530612245,33.173453544927,0.075,0.8704,0.8875,0.08,0.193181818181818,56.1883771396322,0.127,0.8704
"6","shield_cont2_age3_age2_20/PopSize2000",0.8535,0.0365,0.112654320987654,51.2916389092078,0.1075,0.8704,0.184375,0.039375,0.153362316474126,23.4528656832657,0.134375,0.0908,0.705,0.028125,0.0846055979643766,38.2948749962814,0.080625,0.7796,0.889375,0.0675,0.237967914438503,61.7477406795471,0.215,0.8704
