"","intervention","FracFinalRecovered_median","FracFinalSusceptible_median","CFR_median","TimePeakSymptomatic_median","FracFinalDeaths_median","POutbreak_median","FracFinalRecovered_IQR","FracFinalSusceptible_IQR","CFR_IQR","TimePeakSymptomatic_IQR","FracFinalDeaths_IQR","POutbreak_IQR","FracFinalRecovered_q25","FracFinalSusceptible_q25","CFR_q25","TimePeakSymptomatic_q25","FracFinalDeaths_q25","POutbreak_q25","FracFinalRecovered_q75","FracFinalSusceptible_q75","CFR_q75","TimePeakSymptomatic_q75","FracFinalDeaths_q75","POutbreak_q75"
"1","null_model_mixed/PopSize500",0.484,0.456,0.111111111111111,61.0153413120567,0.056,0.5716,0.23,0.264,0.0337001859389924,37.07309394285,0.038,0,0.308,0.396,0.0976430976430976,41.4721067574624,0.03,0.5716,0.538,0.66,0.13134328358209,78.5452007003124,0.068,0.5716
"2","null_model_mixed/PopSize1000",0.852,0.095,0.0661521499448732,34.6016600781111,0.057,0.5684,0.019,0.062,0.0217402906144628,9.17926957281299,0.019,0,0.841,0.08,0.054083885209713,30.640307242072,0.046,0.5684,0.86,0.142,0.0758241758241758,39.819576814885,0.065,0.5684
"3","null_model_mixed/PopSize2000",0.4935,0.447,0.109083339641208,90.6792443792495,0.058,0.5856,0.072125,0.079,0.0161146646702457,40.9005340951906,0.013125,0,0.447875,0.418,0.101927619132907,68.0790999311846,0.049875,0.5856,0.52,0.497,0.118042283803153,108.979634026375,0.063,0.5856
"4","shield_cont2_age3_age2_20/PopSize500",0.47,0.4875,0.0836820083682008,63.3796918397923,0.04,0.5504,0.1565,0.17,0.0307598745278795,33.3537433216055,0.022,0.000399999999999956,0.386,0.41,0.0708661417322835,48.1387646140771,0.028,0.5504,0.5425,0.58,0.101626016260163,81.4925079356826,0.05,0.5508
"5","shield_cont2_age3_age2_20/PopSize1000",0.47,0.489,0.0833333333333333,77.4835899389261,0.041,0.5688,0.13975,0.15025,0.0225556108313866,35.8731035276687,0.0175625,0,0.409,0.40375,0.0738299313372881,60.2728715053178,0.0311875,0.5688,0.54875,0.554,0.0963855421686747,96.1459750329865,0.04875,0.5688
"6","shield_cont2_age3_age2_20/PopSize2000",0.466,0.493,0.0833333333333333,87.7762916436326,0.04125,0.5728,0.137,0.148625,0.0179063676387024,36.0504777752316,0.0145,0.000800000000000023,0.413625,0.40125,0.0761739706276824,71.1830793447934,0.0335,0.5728,0.550625,0.549875,0.0940803382663848,107.233557120025,0.048,0.5736
