"","intervention","FracFinalRecovered_median","FracFinalSusceptible_median","CFR_median","TimePeakSymptomatic_median","FracFinalDeaths_median","POutbreak_median","FracFinalRecovered_IQR","FracFinalSusceptible_IQR","CFR_IQR","TimePeakSymptomatic_IQR","FracFinalDeaths_IQR","POutbreak_IQR","FracFinalRecovered_q25","FracFinalSusceptible_q25","CFR_q25","TimePeakSymptomatic_q25","FracFinalDeaths_q25","POutbreak_q25","FracFinalRecovered_q75","FracFinalSusceptible_q75","CFR_q75","TimePeakSymptomatic_q75","FracFinalDeaths_q75","POutbreak_q75"
"1","shield_cont10_age3_age2_20/TcheckNO",0.427,0.53525,0.0881287306693272,93.3501730220836,0.036875,0.5444,0.49484375,0.53509375,0.121407724542058,37.6582846200027,0.039375,0.00119999999999998,0.0125,0.44828125,0.078592275457942,74.6302547127173,0.005,0.5444,0.50734375,0.983375,0.2,112.28853933272,0.044375,0.5456
"2","shield_cont10_age3_age2_20/TcheckYES",0.4335,0.528,0.0859774820880246,90.0435521910323,0.0375,0.5364,0.506875,0.548125,0.12257360959651,38.2267490489909,0.0395,0.000400000000000067,0.00875,0.439375,0.0774263904034896,72.3747782697801,0.005,0.5364,0.515625,0.9875,0.2,110.601527318771,0.0445,0.5368
"3","shield_cont2_age3_age2_20/TcheckNO",0.462,0.4975,0.0835671195702,90.1202169710285,0.040625,0.554,0.151375,0.16621875,0.0201493123010615,37.7959255161274,0.0175,0,0.393,0.40765625,0.076660945842868,72.8641853286516,0.03,0.554,0.544375,0.573875,0.0968102581439296,110.660110844779,0.0475,0.554
"4","shield_cont2_age3_age2_20/TcheckYES",0.466,0.493,0.0833333333333333,87.7762916436326,0.04125,0.5728,0.137,0.148625,0.0179063676387024,36.0504777752316,0.0145,0.000800000000000023,0.413625,0.40125,0.0761739706276824,71.1830793447934,0.0335,0.5728,0.550625,0.549875,0.0940803382663848,107.233557120025,0.048,0.5736
