"","Limit","FracFinalRecovered_median","FracFinalSusceptible_median","CFR_median","TimePeakSymptomatic_median","FracFinalDeaths_median","POutbreak_median","FracFinalRecovered_IQR","FracFinalSusceptible_IQR","CFR_IQR","TimePeakSymptomatic_IQR","FracFinalDeaths_IQR","POutbreak_IQR"
"1","Limit0",0.8545,0.0347499999999999,0.114715748801642,38.0846168495477,0.1105,0.828,0.0115,0.0079999999999999,0.0100582481915828,7.98474353079988,0.00987500000000001,0
"2","Limit10",0.885,0.0365000000000001,0.0812629399585921,42.3373932312129,0.0785,0.818,0.01,0.0075,0.00760883076367985,7.8165055911633,0.00750000000000001,0
"3","Limit25",0.883,0.039,0.0802675638410756,41.762740995407,0.0775,0.836,0.010875,0.008,0.00826296247843471,9.1405251633755,0.00800000000000001,0
"4","Limit50",0.88,0.0425000000000001,0.0801248699271592,41.7505174358297,0.0765,0.832,0.0105000000000001,0.009,0.0079547709215759,6.93157472322284,0.00800000000000001,0
"5","Limit100",0.875,0.048,0.0807604345340195,41.3355719738928,0.077,0.854,0.0115,0.0105,0.00658507124948146,7.42385992970955,0.00650000000000001,0
"6","Limit250",0.8775,0.046,0.080020920502092,39.355040294981,0.076,0.866,0.0105,0.00899999999999999,0.00744234928937171,6.9406626642314,0.00750000000000001,0
"7","Limit500",0.8855,0.038,0.0794598577868983,37.2861598826423,0.0765,0.86,0.0105,0.008,0.00780274287192409,6.90632566276319,0.00750000000000001,0
"8","Limit2000",0.9,0.0225000000000001,0.0786802030456853,33.7071844371631,0.077,0.848,0.00950000000000006,0.0055000000000001,0.00795822389404639,8.08165647701615,0.00800000000000001,0
