"","Limit","FracFinalRecovered_median","FracFinalSusceptible_median","CFR_median","TimePeakSymptomatic_median","FracFinalDeaths_median","POutbreak_median","FracFinalRecovered_IQR","FracFinalSusceptible_IQR","CFR_IQR","TimePeakSymptomatic_IQR","FracFinalDeaths_IQR","POutbreak_IQR"
"1","Limit0",0.855,0.0335,0.115025906735751,38.7316744369319,0.111,0.8628,0.011,0.0075,0.010067863787372,8.5315779798699,0.00950000000000001,0
"2","Limit10",0.887,0.035,0.0806618407445708,42.0803026996619,0.0775,0.8288,0.01,0.0075,0.00821502623834845,8.42177808929182,0.00800000000000001,0
"3","Limit25",0.8845,0.0375,0.0804953560371517,42.1215342340332,0.0775,0.8468,0.00949999999999995,0.008,0.00756669566478181,8.2975882154482,0.00750000000000001,0
"4","Limit50",0.8815,0.041,0.0801665799062988,41.6775083128638,0.0765,0.8704,0.01,0.0085,0.00806107829697764,8.2739290870116,0.00800000000000001,0
"5","Limit100",0.878,0.0459999999999999,0.0800632105358662,40.9315922044397,0.0765,0.8712,0.011,0.0099999999999999,0.0077363521012221,7.278030731906,0.00750000000000001,0
"6","Limit250",0.87925,0.044,0.080020920502092,39.1047820966093,0.0765,0.8664,0.0105,0.00937499999999985,0.00792541904917729,7.57735517773654,0.00750000000000001,0
"7","Limit500",0.8865,0.0365000000000001,0.0794223826714801,37.3799383527143,0.0765,0.8708,0.01,0.008,0.0079908015543531,7.0722387219047,0.00800000000000001,0
"8","Limit2000",0.901,0.0215,0.0789338800615069,33.3751045323221,0.077,0.8748,0.00849999999999995,0.0054999999999999,0.00764923803618665,6.8229972063522,0.00750000000000001,0
