"","lock","FracFinalRecovered_median","FracFinalSusceptible_median","CFR_median","TimePeakSymptomatic_median","FracFinalDeaths_median","POutbreak_median","FracFinalRecovered_IQR","FracFinalSusceptible_IQR","CFR_IQR","TimePeakSymptomatic_IQR","FracFinalDeaths_IQR","POutbreak_IQR"
"1","lockNO",0.853,0.038125,0.110650425066144,50.9921073245925,0.106,0.806,0.18125,0.0381250000000001,0.147780256701768,23.8881068167482,0.1275,0.104
"2","lock0.5",0.8515,0.038,0.100723140495868,46.2883981621789,0.0925,0.84,0.179,0.0512500000000001,0.137410559614371,25.8564575668639,0.0475,0
"3","lock0.9",0.85175,0.04075,0.0832799829278703,37.4259218140308,0.074375,0.852,0.178625,0.192125,0.0137238229212867,12.2520908291194,0.02,0
