"","lock","FracFinalRecovered_median","FracFinalSusceptible_median","CFR_median","TimePeakSymptomatic_median","FracFinalDeaths_median","POutbreak_median","FracFinalRecovered_IQR","FracFinalSusceptible_IQR","CFR_IQR","TimePeakSymptomatic_IQR","FracFinalDeaths_IQR","POutbreak_IQR","FracFinalRecovered_q25","FracFinalSusceptible_q25","CFR_q25","TimePeakSymptomatic_q25","FracFinalDeaths_q25","POutbreak_q25","FracFinalRecovered_q75","FracFinalSusceptible_q75","CFR_q75","TimePeakSymptomatic_q75","FracFinalDeaths_q75","POutbreak_q75"
"1","lockNO",0.466,0.493,0.0833333333333333,87.7762916436326,0.04125,0.5728,0.137,0.148625,0.0179063676387024,36.0504777752316,0.0145,0.000800000000000023,0.413625,0.40125,0.0761739706276824,71.1830793447934,0.0335,0.5728,0.550625,0.549875,0.0940803382663848,107.233557120025,0.048,0.5736
"2","lock0.5",0.469,0.4895,0.0826521344232516,89.1743350171049,0.0415,0.5484,0.129625,0.140625,0.0153887465917541,33.2577293500939,0.0135,0,0.41975,0.401875,0.0759109311740891,73.2803339021811,0.0345,0.5484,0.549375,0.5425,0.0912996777658432,106.538063252275,0.048,0.5484
"3","lock0.9",0.472,0.4875,0.0823529411764706,88.1943838921265,0.042,0.572,0.126625,0.137375,0.014003133568351,32.5593077833796,0.012625,0,0.4265,0.398125,0.0760869565217391,72.6222060633685,0.0355,0.572,0.553125,0.5355,0.0900900900900901,105.181513846748,0.048125,0.572
