"","lock","FracFinalRecovered_median","FracFinalSusceptible_median","CFR_median","TimePeakSymptomatic_median","FracFinalDeaths_median","POutbreak_median","FracFinalRecovered_IQR","FracFinalSusceptible_IQR","CFR_IQR","TimePeakSymptomatic_IQR","FracFinalDeaths_IQR","POutbreak_IQR","FracFinalRecovered_q25","FracFinalSusceptible_q25","CFR_q25","TimePeakSymptomatic_q25","FracFinalDeaths_q25","POutbreak_q25","FracFinalRecovered_q75","FracFinalSusceptible_q75","CFR_q75","TimePeakSymptomatic_q75","FracFinalDeaths_q75","POutbreak_q75"
"1","lockNO",0.8535,0.0365,0.112654320987654,51.2916389092078,0.1075,0.8704,0.184375,0.039375,0.153362316474126,23.4528656832657,0.134375,0.0908,0.705,0.028125,0.0846055979643766,38.2948749962814,0.080625,0.7796,0.889375,0.0675,0.237967914438503,61.7477406795471,0.215,0.8704
"2","lock0.5",0.853,0.0369999999999999,0.104177802017998,48.2269791981086,0.09625,0.8536,0.179625,0.0475,0.137840423321134,26.0764598465693,0.10625,0.2616,0.711,0.0275000000000001,0.0819987187700192,36.0134384321164,0.07625,0.592,0.890625,0.0750000000000001,0.219839142091153,62.0898982786857,0.1825,0.8536
"3","lock0.9",0.852,0.0375000000000001,0.0833333333333333,37.9629234705674,0.075625,0.8648,0.17875,0.19225,0.0140864391729881,13.2214909820791,0.02125,0,0.715,0.02625,0.0777634961439589,33.5667839392893,0.065,0.8648,0.89375,0.2185,0.091849935316947,46.7882749213684,0.08625,0.8648
