"","lock","FracFinalRecovered_median","FracFinalSusceptible_median","CFR_median","TimePeakSymptomatic_median","FracFinalDeaths_median","POutbreak_median","FracFinalRecovered_IQR","FracFinalSusceptible_IQR","CFR_IQR","TimePeakSymptomatic_IQR","FracFinalDeaths_IQR","POutbreak_IQR"
"1","lockNO",0.8535,0.0365,0.112654320987654,51.2916389092078,0.1075,0.8684,0.184375,0.039375,0.153362316474126,23.4528656832657,0.134375,0.0963999999999999
"2","lock0.5",0.853,0.0369999999999999,0.104177802017998,48.2269791981086,0.09625,0.8528,0.179625,0.0475,0.137840423321134,26.0764598465693,0.10625,0.2692
"3","lock0.9",0.852,0.0375000000000001,0.0833333333333333,37.9629234705674,0.075625,0.8632,0.17875,0.19225,0.0140864391729881,13.2214909820791,0.02125,0
