"","Onset","FracFinalRecovered_median","FracFinalSusceptible_median","CFR_median","TimePeakSymptomatic_median","FracFinalDeaths_median","POutbreak_median","FracFinalRecovered_IQR","FracFinalSusceptible_IQR","CFR_IQR","TimePeakSymptomatic_IQR","FracFinalDeaths_IQR","POutbreak_IQR"
"1","Onset0",0.8545,0.0347499999999999,0.114715748801642,38.0846168495477,0.1105,0.828,0.0115,0.0079999999999999,0.0100582481915828,7.98474353079988,0.00987500000000001,0
"2","Onset12",0.872,0.0445,0.0878485007890584,41.2080216202294,0.084,0.87,0.0105,0.0109999999999999,0.0085548277190366,7.47185294944558,0.00799999999999999,0
"3","Onset24",0.88,0.0425000000000001,0.0801248699271592,41.7505174358297,0.0765,0.832,0.0105000000000001,0.009,0.0079547709215759,6.93157472322284,0.00800000000000001,0
"4","Onset48",0.8655,0.0419999999999999,0.0971786833855799,41.3580681565883,0.093,0.818,0.012,0.0084999999999999,0.00879572004038534,8.24805189266827,0.00850000000000001,0
