"","Onset","FracFinalRecovered_median","FracFinalSusceptible_median","CFR_median","TimePeakSymptomatic_median","FracFinalDeaths_median","POutbreak_median","FracFinalRecovered_IQR","FracFinalSusceptible_IQR","CFR_IQR","TimePeakSymptomatic_IQR","FracFinalDeaths_IQR","POutbreak_IQR","FracFinalRecovered_q25","FracFinalSusceptible_q25","CFR_q25","TimePeakSymptomatic_q25","FracFinalDeaths_q25","POutbreak_q25","FracFinalRecovered_q75","FracFinalSusceptible_q75","CFR_q75","TimePeakSymptomatic_q75","FracFinalDeaths_q75","POutbreak_q75"
"1","Onset0",0.855,0.0335,0.115025906735751,38.7316744369319,0.111,0.8628,0.011,0.0075,0.010067863787372,8.5315779798699,0.00950000000000001,0,0.8495,0.03,0.109953100573215,35.1104519838974,0.106,0.8628,0.8605,0.0375,0.120020964360587,43.6420299637673,0.1155,0.8628
"2","Onset12",0.8735,0.0425,0.0874544508068714,41.6024044337639,0.0835,0.8596,0.011,0.009,0.00833769862056929,7.9082543255175,0.00799999999999999,0,0.868,0.038,0.0833333333333333,38.0331463720373,0.0795,0.8596,0.879,0.047,0.0916710319539026,45.9414006975548,0.0875,0.8596
"3","Onset24",0.8815,0.041,0.0801665799062988,41.6775083128638,0.0765,0.8704,0.01,0.0085,0.00806107829697764,8.2739290870116,0.00800000000000001,0,0.877,0.037,0.0763664508865747,38.2139673959409,0.073,0.8704,0.887,0.0455,0.0844275291835524,46.4878964829525,0.081,0.8704
"4","Onset48",0.867,0.0395,0.0969680921994653,41.4273954192737,0.093,0.8448,0.012,0.0085,0.009486363116228,8.3924053017991,0.00950000000000001,0,0.861,0.0355,0.092129061584137,37.7803664961453,0.088,0.8448,0.873,0.044,0.101615424700365,46.1727717979444,0.0975,0.8448
