"","Onset","FracFinalRecovered_median","FracFinalSusceptible_median","CFR_median","TimePeakSymptomatic_median","FracFinalDeaths_median","POutbreak_median","FracFinalRecovered_IQR","FracFinalSusceptible_IQR","CFR_IQR","TimePeakSymptomatic_IQR","FracFinalDeaths_IQR","POutbreak_IQR"
"1","Onset0",0.855,0.0335,0.115025906735751,38.7316744369319,0.111,0.8628,0.011,0.0075,0.010067863787372,8.5315779798699,0.00950000000000001,0
"2","Onset12",0.8735,0.0425,0.0874544508068714,41.6024044337639,0.0835,0.8596,0.011,0.009,0.00833769862056929,7.9082543255175,0.00799999999999999,0
"3","Onset24",0.8815,0.041,0.0801665799062988,41.6775083128638,0.0765,0.8704,0.01,0.0085,0.00806107829697764,8.2739290870116,0.00800000000000001,0
"4","Onset48",0.867,0.0395,0.0969680921994653,41.4273954192737,0.093,0.8448,0.012,0.0085,0.009486363116228,8.3924053017991,0.00950000000000001,0
