"","Onset","FracFinalRecovered_median","FracFinalSusceptible_median","CFR_median","TimePeakSymptomatic_median","FracFinalDeaths_median","POutbreak_median","FracFinalRecovered_IQR","FracFinalSusceptible_IQR","CFR_IQR","TimePeakSymptomatic_IQR","FracFinalDeaths_IQR","POutbreak_IQR","FracFinalRecovered_q25","FracFinalSusceptible_q25","CFR_q25","TimePeakSymptomatic_q25","FracFinalDeaths_q25","POutbreak_q25","FracFinalRecovered_q75","FracFinalSusceptible_q75","CFR_q75","TimePeakSymptomatic_q75","FracFinalDeaths_q75","POutbreak_q75"
"1","Onset0",0.4935,0.447,0.109083339641208,90.6792443792495,0.058,0.5856,0.072125,0.079,0.0161146646702457,40.9005340951906,0.013125,0,0.447875,0.418,0.101927619132907,68.0790999311846,0.049875,0.5856,0.52,0.497,0.118042283803153,108.979634026375,0.063,0.5856
"2","Onset12",0.18,0.8075,0.0833333333333333,70.1965830469298,0.014,0.4196,0.2875,0.312,0.0526807980049875,77.3310392434208,0.024,0,0.0055,0.6815,0.0723192019950125,22.3256253443684,5e-04,0.4196,0.293,0.9935,0.125,99.6566645877892,0.0245,0.4196
"3","Onset24",0.372,0.59825,0.0766464383697343,91.8291255793746,0.0285,0.4696,0.3855,0.41725,0.019904778092396,57.0528987760201,0.031,0,0.027,0.553625,0.0686676080932627,60.1613899204529,0.0025,0.4696,0.4125,0.970875,0.0885723861856587,117.214288696473,0.0335,0.4696
"4","Onset48",0.4375,0.503,0.121713729308666,90.5571686038982,0.059,0.5204,0.083,0.096,0.021047799020093,40.8432668938772,0.0175,0,0.3845,0.4675,0.111216730038023,70.1192913960478,0.0475,0.5204,0.4675,0.5635,0.132264529058116,110.962558289925,0.065,0.5204
