"","Onset","FracFinalRecovered_median","FracFinalSusceptible_median","CFR_median","TimePeakSymptomatic_median","FracFinalDeaths_median","POutbreak_median","FracFinalRecovered_IQR","FracFinalSusceptible_IQR","CFR_IQR","TimePeakSymptomatic_IQR","FracFinalDeaths_IQR","POutbreak_IQR","FracFinalRecovered_q25","FracFinalSusceptible_q25","CFR_q25","TimePeakSymptomatic_q25","FracFinalDeaths_q25","POutbreak_q25","FracFinalRecovered_q75","FracFinalSusceptible_q75","CFR_q75","TimePeakSymptomatic_q75","FracFinalDeaths_q75","POutbreak_q75"
"1","Onset0",0.8505,0.0385,0.115122972265829,41.8388988540851,0.11,0.8412,0.014,0.0129999999999999,0.00993292801258999,10.9347555748142,0.01,0.2244,0.843,0.033,0.110025706940874,36.9894058599152,0.1045,0.6168,0.857,0.0459999999999999,0.119958634953464,47.9241614347294,0.1145,0.8412
"2","Onset1",0.83825,0.051,0.116749916335466,44.4593859520178,0.1095,0.644,0.013,0.01,0.0100926083701505,11.863872303555,0.01,0,0.831,0.0465,0.11198738170347,39.2690710995971,0.1045,0.644,0.844,0.0565,0.12207999007362,51.1329434031522,0.1145,0.644
"3","Onset12",0.8345,0.052,0.119261213720317,44.1794498202843,0.112,0.6652,0.012,0.01,0.010471898197243,11.4484677742141,0.01,0,0.8285,0.0475,0.114528101802757,38.9119429299156,0.107,0.6652,0.8405,0.0575,0.125,50.3604107041296,0.117,0.6652
"4","Onset24",0.829,0.0465,0.13016204913748,43.3185534958265,0.123,0.698,0.0125000000000001,0.01,0.010176179385822,10.2729331926227,0.01,0,0.823,0.0419999999999999,0.12519726459758,38.7410706549978,0.118,0.698,0.8355,0.0519999999999999,0.135373443983402,49.0140038476205,0.128,0.698
"5","Onset48",0.7935,0.0455,0.168512662849494,42.0877039768203,0.16,0.7712,0.0145,0.0095,0.0126175052493873,9.75744103630145,0.012,0,0.786,0.041,0.162402088772846,37.5591870958596,0.154,0.7712,0.8005,0.0505,0.175019594022233,47.3166281321611,0.166,0.7712
