"","Onset","FracFinalRecovered_median","FracFinalSusceptible_median","CFR_median","TimePeakSymptomatic_median","FracFinalDeaths_median","POutbreak_median","FracFinalRecovered_IQR","FracFinalSusceptible_IQR","CFR_IQR","TimePeakSymptomatic_IQR","FracFinalDeaths_IQR","POutbreak_IQR","FracFinalRecovered_q25","FracFinalSusceptible_q25","CFR_q25","TimePeakSymptomatic_q25","FracFinalDeaths_q25","POutbreak_q25","FracFinalRecovered_q75","FracFinalSusceptible_q75","CFR_q75","TimePeakSymptomatic_q75","FracFinalDeaths_q75","POutbreak_q75"
"1","Onset0",0.8545,0.0345,0.115126484254001,39.3298577771534,0.111,0.8412,0.011,0.0075,0.00971170192130751,9.03547775146275,0.00950000000000001,0,0.849,0.0305,0.110184938905565,35.6246128804604,0.106,0.8412,0.86,0.038,0.119896640826873,44.6600906319232,0.1155,0.8412
"2","Onset12",0.871,0.0455,0.0875296809747037,43.2484927062965,0.0835,0.7888,0.0109999999999999,0.00900000000000011,0.00848198670863939,9.51481169601355,0.00849999999999999,0,0.8655,0.0409999999999999,0.0833333333333333,39.1581236419152,0.079,0.7888,0.8765,0.05,0.0918153200419727,48.6729353379287,0.0875,0.7888
"3","Onset24",0.8795,0.0435000000000001,0.0801665799062988,43.2434569057091,0.0765,0.8092,0.01025,0.009,0.00791534146966565,8.9477481635622,0.00800000000000001,0,0.87425,0.0395,0.0761554621848739,39.4859668343629,0.0725,0.8092,0.8845,0.0485,0.0840708036545395,48.4337149979251,0.0805,0.8092
"4","Onset48",0.8755,0.0415000000000001,0.0863234529381175,42.690981983416,0.0825,0.8448,0.011,0.0085,0.00817945926206733,8.87489892084596,0.00799999999999999,0,0.87,0.0375,0.0823029292232191,38.840813544316,0.0785,0.8448,0.881,0.046,0.0904823884852864,47.715712465162,0.0865,0.8448
