"","self","FracFinalRecovered_median","FracFinalSusceptible_median","CFR_median","TimePeakSymptomatic_median","FracFinalDeaths_median","POutbreak_median","FracFinalRecovered_IQR","FracFinalSusceptible_IQR","CFR_IQR","TimePeakSymptomatic_IQR","FracFinalDeaths_IQR","POutbreak_IQR"
"1","selfNO",0.8545,0.0347499999999999,0.114715748801642,38.0846168495477,0.1105,0.828,0.0115,0.0079999999999999,0.0100582481915828,7.98474353079988,0.00987500000000001,0
"2","self0.1",0.842,0.0499999999999999,0.114580777439793,41.6440019801588,0.1085,0.78,0.0125,0.00962500000000008,0.010273095442692,9.05677434598745,0.01,0
"3","self0.2",0.822,0.072,0.113513513513514,46.5416105847432,0.1045,0.788,0.015,0.014,0.010594316297,10.1122773724175,0.01,0
"4","self0.3",0.7945,0.106,0.112866817155756,51.8558108509301,0.1,0.74,0.0185000000000001,0.019,0.011177464389017,12.8803219755782,0.0105,0
"5","self0.4",0.7425,0.1645,0.111176470588235,59.661499604968,0.0915,0.692,0.0235,0.0255,0.01035468124051,14.8122899336197,0.00950000000000001,0
"6","self0.5",0.6515,0.2665,0.110027855153203,72.1183430974302,0.0795,0.626,0.032,0.0355,0.011707433811119,20.3497012705644,0.00950000000000001,0
