"","self","FracFinalRecovered_median","FracFinalSusceptible_median","CFR_median","TimePeakSymptomatic_median","FracFinalDeaths_median","POutbreak_median","FracFinalRecovered_IQR","FracFinalSusceptible_IQR","CFR_IQR","TimePeakSymptomatic_IQR","FracFinalDeaths_IQR","POutbreak_IQR","FracFinalRecovered_q25","FracFinalSusceptible_q25","CFR_q25","TimePeakSymptomatic_q25","FracFinalDeaths_q25","POutbreak_q25","FracFinalRecovered_q75","FracFinalSusceptible_q75","CFR_q75","TimePeakSymptomatic_q75","FracFinalDeaths_q75","POutbreak_q75"
"1","selfNO",0.4935,0.447,0.109083339641208,90.6792443792495,0.058,0.5856,0.072125,0.079,0.0161146646702457,40.9005340951906,0.013125,0,0.447875,0.418,0.101927619132907,68.0790999311846,0.049875,0.5856,0.52,0.497,0.118042283803153,108.979634026375,0.063,0.5856
"2","self0.1",0.391,0.56375,0.108783172951363,98.6193039595949,0.0445,0.5272,0.418,0.4685,0.0218418418197695,90.090667996926,0.05,0,0.011,0.5195,0.1,33.937346244161,0.0015,0.5272,0.429,0.988,0.12184184181977,124.028014241087,0.0515,0.5272
"3","self0.2",0.18075,0.79925,0.111111111111111,78.6087995548966,0.02,0.4624,0.291,0.322625,0.0693747283445796,104.115579434052,0.0335,0,0.0045,0.672,0.0972919383220874,18.6528738325651,5e-04,0.4624,0.2955,0.994625,0.166666666666667,122.768453266617,0.034,0.4624
"4","self0.3",0.0115,0.987,0.121268656716418,34.153053279764,0.0015,0.4092,0.0865,0.094,0.151384535005224,66.8379585300157,0.009,0,0.002,0.903,0.0948275862068965,12.6476131387298,5e-04,0.4092,0.0885,0.997,0.246212121212121,79.4855716687455,0.0095,0.4092
"5","self0.4",0.0055,0.9935,0.153846153846154,23.2562583131377,0.001,0.334,0.015,0.016,0.210133184787563,33.7085068938989,0.0015,0,0.0015,0.982,0.0967741935483871,11.0141633656644,5e-04,0.334,0.0165,0.998,0.30690737833595,44.7226702595634,0.002,0.334
"6","self0.5",0.003,0.9965,0.210526315789474,14.8951296877043,5e-04,0.274,0.006,0.00600000000000001,0.375,18.7653249143174,5e-04,0,0.001,0.9925,0.125,7.83239902980418,5e-04,0.274,0.007,0.9985,0.5,26.5977239441216,0.001,0.274
