"","self","FracFinalRecovered_median","FracFinalSusceptible_median","CFR_median","TimePeakSymptomatic_median","FracFinalDeaths_median","POutbreak_median","FracFinalRecovered_IQR","FracFinalSusceptible_IQR","CFR_IQR","TimePeakSymptomatic_IQR","FracFinalDeaths_IQR","POutbreak_IQR","FracFinalRecovered_q25","FracFinalSusceptible_q25","CFR_q25","TimePeakSymptomatic_q25","FracFinalDeaths_q25","POutbreak_q25","FracFinalRecovered_q75","FracFinalSusceptible_q75","CFR_q75","TimePeakSymptomatic_q75","FracFinalDeaths_q75","POutbreak_q75"
"1","selfNO",0.855,0.0335,0.115025906735751,38.7316744369319,0.111,0.8628,0.011,0.0075,0.010067863787372,8.5315779798699,0.00950000000000001,0,0.8495,0.03,0.109953100573215,35.1104519838974,0.106,0.8628,0.8605,0.0375,0.120020964360587,43.6420299637673,0.1155,0.8628
"2","self0.1",0.8435,0.04775,0.114270739742438,42.1657592235866,0.1085,0.824,0.0125000000000001,0.01,0.00962717095961524,9.06339871060215,0.00950000000000001,0,0.837,0.0429999999999999,0.109601561328279,38.3488232794575,0.104,0.824,0.8495,0.0529999999999999,0.119228732287894,47.4122219900597,0.1135,0.824
"3","self0.2",0.8255,0.0685,0.1136,46.2162994243638,0.105,0.7864,0.014,0.0125000000000001,0.00976069575965377,9.96862881147253,0.00899999999999999,0,0.8185,0.0629999999999999,0.108769074893873,41.7101846145676,0.1005,0.7864,0.8325,0.0755,0.118529770653527,51.6788134260401,0.1095,0.7864
"4","self0.3",0.796,0.103,0.113005235684422,52.0465771691244,0.101,0.76,0.0155,0.0155,0.010113405809961,11.7038233499687,0.00899999999999999,0,0.788,0.0955,0.10800223838836,46.7678927724419,0.0965,0.76,0.8035,0.111,0.118115644198321,58.4717161224106,0.1055,0.76
"5","self0.4",0.747,0.1595,0.111708482676225,60.7500436399091,0.093,0.7004,0.0219999999999999,0.0235,0.0109844130989745,14.7666359344586,0.01,0,0.7355,0.1485,0.106267006490887,54.2930291812544,0.088,0.7004,0.7575,0.172,0.117251419589862,69.059665115713,0.098,0.7004
"6","self0.5",0.658,0.2605,0.110279101429544,72.9214677597779,0.08,0.6412,0.033,0.03625,0.01165855783554,21.1922556244751,0.01,0,0.6405,0.24375,0.104451232591618,63.1024614514432,0.075,0.6412,0.6735,0.28,0.116109790427157,84.2947170759183,0.085,0.6412
