"","self","FracFinalRecovered_median","FracFinalSusceptible_median","CFR_median","TimePeakSymptomatic_median","FracFinalDeaths_median","POutbreak_median","FracFinalRecovered_IQR","FracFinalSusceptible_IQR","CFR_IQR","TimePeakSymptomatic_IQR","FracFinalDeaths_IQR","POutbreak_IQR"
"1","selfNO",0.855,0.0335,0.115025906735751,38.7316744369319,0.111,0.8612,0.011,0.0075,0.010067863787372,8.5315779798699,0.00950000000000001,0
"2","self0.1",0.8435,0.04775,0.114270739742438,42.1657592235866,0.1085,0.8216,0.0125000000000001,0.01,0.00962717095961524,9.06339871060215,0.00950000000000001,0
"3","self0.2",0.8255,0.0685,0.1136,46.2162994243638,0.105,0.7808,0.014,0.0125000000000001,0.00976069575965377,9.96862881147253,0.00899999999999999,0
"4","self0.3",0.796,0.103,0.113005235684422,52.0465771691244,0.101,0.7548,0.0155,0.0155,0.010113405809961,11.7038233499687,0.00899999999999999,0
"5","self0.4",0.747,0.1595,0.111708482676225,60.7500436399091,0.093,0.694,0.0219999999999999,0.0235,0.0109844130989745,14.7666359344586,0.01,0
"6","self0.5",0.658,0.2605,0.110279101429544,72.9214677597779,0.08,0.6244,0.033,0.03625,0.01165855783554,21.1922556244751,0.01,0
