"","self","FracFinalRecovered_median","FracFinalSusceptible_median","CFR_median","TimePeakSymptomatic_median","FracFinalDeaths_median","POutbreak_median","FracFinalRecovered_IQR","FracFinalSusceptible_IQR","CFR_IQR","TimePeakSymptomatic_IQR","FracFinalDeaths_IQR","POutbreak_IQR"
"1","self0.3",0.7945,0.106,0.112866817155756,51.8558108509301,0.1,0.74,0.0185000000000001,0.019,0.011177464389017,12.8803219755782,0.0105,0
"2","self0.1",0.842,0.0499999999999999,0.114580777439793,41.6440019801588,0.1085,0.78,0.0125,0.00962500000000008,0.010273095442692,9.05677434598745,0.01,0
"3","self0.2",0.822,0.072,0.113513513513514,46.5416105847432,0.1045,0.788,0.015,0.014,0.010594316297,10.1122773724175,0.01,0
"4",NA,0.748,0.15925,0.11221862342815,54.9625514366663,0.094,0.692,0.183,0.213125,0.0112305569305512,30.6911444510088,0.025,0.202
