"","self","FracFinalRecovered_median","FracFinalSusceptible_median","CFR_median","TimePeakSymptomatic_median","FracFinalDeaths_median","POutbreak_median","FracFinalRecovered_IQR","FracFinalSusceptible_IQR","CFR_IQR","TimePeakSymptomatic_IQR","FracFinalDeaths_IQR","POutbreak_IQR","FracFinalRecovered_q25","FracFinalSusceptible_q25","CFR_q25","TimePeakSymptomatic_q25","FracFinalDeaths_q25","POutbreak_q25","FracFinalRecovered_q75","FracFinalSusceptible_q75","CFR_q75","TimePeakSymptomatic_q75","FracFinalDeaths_q75","POutbreak_q75"
"1","selfNO",0.8545,0.0345,0.115126484254001,39.3298577771534,0.111,0.8412,0.011,0.0075,0.00971170192130751,9.03547775146275,0.00950000000000001,0,0.849,0.0305,0.110184938905565,35.6246128804604,0.106,0.8412,0.86,0.038,0.119896640826873,44.6600906319232,0.1155,0.8412
"2","self0.1",0.8425,0.0485000000000001,0.114435695538058,43.1540923291296,0.1085,0.8284,0.0125000000000001,0.01,0.010058588387748,9.68285679985905,0.00950000000000001,0,0.836,0.0439999999999999,0.109711286089239,38.7695839934934,0.104,0.8284,0.8485,0.0539999999999999,0.119769874476987,48.4524407933525,0.1135,0.8284
"3","self0.2",0.824,0.07,0.113794954374665,47.0465658942301,0.1055,0.802,0.014,0.0135,0.009766725118232,10.4452806177836,0.00949999999999999,0,0.817,0.0635,0.108932461873638,42.5383850939116,0.1005,0.802,0.831,0.077,0.11869918699187,52.9836657116952,0.11,0.802
"4","self0.3",0.795,0.1045,0.112803158488438,54.0805253742115,0.1005,0.748,0.016,0.017,0.00978840016560001,12.6153796874463,0.00899999999999999,0,0.7865,0.096,0.107914582244456,48.2786427411496,0.096,0.748,0.8025,0.113,0.117702982410056,60.8940224285959,0.105,0.748
"5","self0.4",0.745,0.1625,0.111407582565053,61.7351723634361,0.0925,0.7144,0.0229999999999999,0.024,0.0108114511904152,15.1900114367331,0.00950000000000001,0,0.7325,0.1505,0.106373652337192,54.8132067599029,0.088,0.7144,0.7555,0.1745,0.117185103527607,70.003218196636,0.0975,0.7144
"6","self0.5",0.6545,0.26475,0.109817106304745,74.3942224872599,0.0795,0.6448,0.0325000000000001,0.0365,0.0119807418625335,21.8499147674125,0.01,0,0.6375,0.248,0.104165737044911,63.8049441252308,0.074,0.6448,0.67,0.2845,0.116146478907445,85.6548588926433,0.084,0.6448
